times(ps)|lambda_restraints|lambda_electrostatics|lambda_sterics|(0.0, 0.0, 0.0)|(0.0, 0.2, 0.2)|(0.0, 0.5, 0.5)|(0.0, 0.6, 0.6)|(0.0, 1.0, 1.0)
306.0|0.0|0.5|0.5|141.96138769935698|85.10413799282753|0.0|-28.34286982101776|-141.66070218349287
308.0|0.0|0.5|0.5|148.92337477544288|89.2176928885524|0.0|-29.69770746762865|-148.40766758852655
310.0|0.0|0.5|0.5|148.19842787660036|88.33863415094139|0.0|-29.309909239862023|-146.32612515187864
312.0|0.0|0.5|0.5|153.7948492726829|92.193718249338|0.0|-30.702642022215944|-153.451960858884
314.0|0.0|0.5|0.5|154.84349807258712|92.3921742022138|0.0|-30.67004420124318|-153.12912186118558
316.0|0.0|0.5|0.5|158.2021678821499|94.64290648961747|0.0|-31.46119993580577|-157.12867050497334
318.0|0.0|0.5|0.5|148.60614549393227|88.80938761883316|0.0|-29.497019111140684|-147.27222185544193
320.0|0.0|0.5|0.5|152.4349456572116|90.1894757429045|0.0|-29.81617177216268|-148.72135913511516
322.0|0.0|0.5|0.5|151.9165214223273|90.99740321171583|0.0|-30.27895984834364|-151.27354021102528
324.0|0.0|0.5|0.5|166.60138214510832|98.85983079132356|0.0|-32.69895797603411|-163.0619247934097
326.0|0.0|0.5|0.5|161.497165217735|96.24419507809998|0.0|-31.893658056407904|-159.1021051660966
328.0|0.0|0.5|0.5|158.17873608750628|94.48649807830073|0.0|-31.36998210046703|-156.59450123886356
330.0|0.0|0.5|0.5|189.2428501859624|103.125525175272|0.0|-33.24286741161164|-164.94975809000644
332.0|0.0|0.5|0.5|201.3445041508711|104.83016628317635|0.0|-33.39010810793932|-165.35348541253168
334.0|0.0|0.5|0.5|162.78301956634306|95.65053951695342|0.0|-31.507918300658403|-156.98780786344332
336.0|0.0|0.5|0.5|170.37878636562317|95.427731451756|0.0|-31.03121569666989|-154.29178704496496
338.0|0.0|0.5|0.5|152.051200204537|90.78064053603158|0.0|-30.144709984831795|-150.51880372661148
340.0|0.0|0.5|0.5|169.38961204016388|96.4247918020783|0.0|-31.43001045417744|-156.25786254198712
342.0|0.0|0.5|0.5|152.54842167107307|91.33247145824774|0.0|-30.379929673742|-151.76221201077692
344.0|0.0|0.5|0.5|154.63695683340958|92.32099733969427|0.0|-30.640403217429448|-152.94146993123636
312.0|0.0|0.5|0.5|272.45728891699343|105.05086690532616|0.0|-31.758950567043883|-156.16046591329558
314.0|0.0|0.5|0.5|161.61623912719244|93.55671210581416|0.0|-30.692935625876164|-152.86020165874524
316.0|0.0|0.5|0.5|158.71830229910722|94.66498904788828|0.0|-31.4093868949384|-156.78327612524322
318.0|0.0|0.5|0.5|146.33186996056915|87.74845722174824|0.0|-29.230724769228644|-146.11166411471015
320.0|0.0|0.5|0.5|147.72790237731087|88.29101573229306|0.0|-29.33798990526622|-146.52168505922083
322.0|0.0|0.5|0.5|145.91049786849692|87.05431816821289|0.0|-28.89775214514941|-144.2839942643234
324.0|0.0|0.5|0.5|146.35926672017575|87.77067824983544|0.0|-29.241532169468925|-146.17648825227567
326.0|0.0|0.5|0.5|153.5932456644875|87.77867403735436|0.0|-28.680687199988725|-142.7252868327862
328.0|0.0|0.5|0.5|329.8434730551447|105.35180234231944|0.0|-31.524408029303828|-154.88801105232503
330.0|0.0|0.5|0.5|152.99155716538036|90.71756246906868|0.0|-29.9831714357124|-149.4857040738016
332.0|0.0|0.5|0.5|164.10657823253973|89.21658513002754|0.0|-28.824977813781743|-143.1930311151686
334.0|0.0|0.5|0.5|184.17159245200983|96.18554635658276|0.0|-30.87282311421324|-153.2182846018209
336.0|0.0|0.5|0.5|211.65672788701565|98.07280213272718|0.0|-30.96145055080852|-153.30138506638372
338.0|0.0|0.5|0.5|209.8376093920702|101.35326858096|0.0|-32.07205614989895|-158.75185083357223
340.0|0.0|0.5|0.5|158.48486751989512|89.9323710685115|0.0|-29.193354805587585|-144.93377400584282
342.0|0.0|0.5|0.5|160.4171259861038|94.5950533477425|0.0|-31.17306451347083|-155.2900463412487
344.0|0.0|0.5|0.5|149.41883666212763|89.47882838550441|0.0|-29.770848237408824|-148.73753983966287
346.0|0.0|0.5|0.5|174.71610679466207|95.4040953297|0.0|-30.596131715542533|-151.5965615836
348.0|0.0|0.5|0.5|144.79875073775364|86.84136003514222|0.0|-28.93354996978599|-144.6398380491595
350.0|0.0|0.5|0.5|149.153437308053|89.20484052554988|0.0|-29.64770466629689|-148.06241505592345
322.0|0.0|0.5|0.5|147.41127088012567|87.950746424395|0.0|-29.188016963058843|-145.70499008696396
324.0|0.0|0.5|0.5|157.69165669062912|93.27251800725848|0.0|-30.799309151393125|-153.52171418415043
326.0|0.0|0.5|0.5|152.17071316462733|90.9558740876375|0.0|-30.21289623706432|-150.8476644726301
328.0|0.0|0.5|0.5|158.21777106624526|92.58826434762852|0.0|-30.38146972827537|-151.13924137647987
330.0|0.0|0.5|0.5|155.3019327928565|93.09618007443218|0.0|-31.001848275172115|-154.94194166818116
332.0|0.0|0.5|0.5|161.0148140584662|96.30884528406736|0.0|-32.01195011800066|-159.87668673919845
334.0|0.0|0.5|0.5|157.16441935857944|93.92146355256897|0.0|-31.19755678426569|-155.76943728605087
336.0|0.0|0.5|0.5|149.04648119611312|89.23781829418387|0.0|-29.68919832859656|-148.33494898281987
338.0|0.0|0.5|0.5|149.0382625059625|89.37391217036544|0.0|-29.77399927003908|-148.8331093422502
340.0|0.0|0.5|0.5|149.99313684490943|89.66793931448542|0.0|-29.78718936429979|-148.72413359739485
342.0|0.0|0.5|0.5|163.85690871177576|89.71953958465919|0.0|-29.024080522016497|-144.19492102247398
344.0|0.0|0.5|0.5|156.33427761630833|92.8179874603236|0.0|-30.70977659503157|-153.153180147312
346.0|0.0|0.5|0.5|165.6317742800536|96.7298323625078|0.0|-31.776610534496463|-158.21334509811638
348.0|0.0|0.5|0.5|167.65404994697963|95.06819457561916|0.0|-30.82555424741496|-152.98631557626493
350.0|0.0|0.5|0.5|228.91622374836064|106.16506765365338|0.0|-33.52328567471113|-165.9398155827051
352.0|0.0|0.5|0.5|180.88375670773783|97.95299872375536|0.0|-31.591331166632656|-156.81377663510648
354.0|0.0|0.5|0.5|182.8367400525633|96.93396220050752|0.0|-30.98199474319976|-153.47745281419856
356.0|0.0|0.5|0.5|161.87624829040027|90.03438617215244|0.0|-29.20797012575518|-145.14915536068625
358.0|0.0|0.5|0.5|236.2111446094334|94.01955928496676|0.0|-29.30072463831357|-144.9893375523258
360.0|0.0|0.5|0.5|298.4091970551847|102.03442862226832|0.0|-31.547078239965053|-156.02425214252
